[{
  "_id": {
    "$oid": "647cea0df94c98d5185104c7"
  },
  "title": "Ferrari",
  "subTitle": "Italian Luxury Sports Cars",
  "description": "Experience the thrill of driving a Ferrari, the epitome of Italian luxury sports cars.",
  "state": "Modena",
  "country": "Italy",
  "city": "Maranello",
  "street": "Via Abetone Inferiore",
  "houseNumber": "4",
  "zipCode": 123231,
  "phone": "39 123456789",
  "email": "info@ferrari.co",
  "web": "www.ferrari.com",
  "image": {
    "url": "https://parkers-images.bauersecure.com/Scale/pagefiles/315544/manufacturers/450x300/ferrari.jpg",
    "alt": "Ferrari Logo"
  },
  "bizNumber": "7632461",
  "likes": [
    "647de0f5cd7b2e21007c66f0"
  ],
  "user_id": {
    "$oid": "64772eddf5dae70b29e8e41b"
  },
  "createdAt": {
    "$date": "2023-06-04T19:46:21.103Z"
  },
  "__v": 5
},{
  "_id": {
    "$oid": "647ceaf5f94c98d5185104cb"
  },
  "title": "Porsche",
  "subTitle": "German Sports Car Manufacturer",
  "description": "Experience the perfect harmony of performance and luxury with Porsche, the renowned German sports car manufacturer.",
  "state": "Baden-Württemberg",
  "country": "Germany",
  "city": "Stuttgart",
  "street": "Porscheplatz",
  "houseNumber": "12",
  "zipCode": 12323,
  "phone": "49 123456789",
  "email": "info@porsche.com",
  "web": "www.porsche.com",
  "image": {
    "url": "https://parkers-images.bauersecure.com/Scale/pagefiles/315544/manufacturers/450x300/porsche.jpg",
    "alt": "Porsche Logo"
  },
  "bizNumber": "1090069",
  "likes": [
    "647de0f5cd7b2e21007c66f0"
  ],
  "user_id": {
    "$oid": "64772eddf5dae70b29e8e41b"
  },
  "createdAt": {
    "$date": "2023-06-04T19:50:13.196Z"
  },
  "__v": 7
},{
  "_id": {
    "$oid": "647ddd74f94c98d5185104df"
  },
  "title": "Lamborghini",
  "subTitle": "Italian Luxury Sports Cars",
  "description": "Discover the extraordinary power and elegance of Lamborghini, the renowned Italian luxury sports car manufacturer.",
  "state": "Bologna",
  "country": "Italy",
  "city": "Sant'Agata Bolognese",
  "street": "Via Modena",
  "houseNumber": "12",
  "zipCode": 40019,
  "phone": "+39 987654321",
  "email": "info@lamborghini.com",
  "web": "www.lamborghini.com",
  "image": {
    "url": "  https://parkers-images.bauersecure.com/Scale/pagefiles/315544/manufacturers/450x300/lamborghini.jpg",
    "alt": "Lamborghini Car"
  },
  "bizNumber": "7077629",
  "likes": [
    "647de0f5cd7b2e21007c66f0"
  ],
  "user_id": {
    "$oid": "647ddc9bf94c98d5185104d6"
  },
  "createdAt": {
    "$date": "2023-06-05T13:04:52.689Z"
  },
  "__v": 7
}]