[{
  "_id": {
    "$oid": "64772eddf5dae70b29e8e41b"
  },
  "firstName": "ben",
  "middleName": "",
  "lastName": "oved",
  "phone": "05425451522",
  "email": "ben@gmail.com",
  "password": "$2a$10$b9iSc8Hm7TuhN1ZbS97kKubVAj4jldio5P3u2PHuLz0QGWeWbe5zC",
  "imageUrl": "https://cdn.pixabay.com/photo/2015/10/05/22/37/blank-profile-picture-973460_960_720.png",
  "imageAlt": "https://cdn.pixabay.com/photo/2015/10/05/22/37/blank-profile-picture-973460_960_720.png",
  "state": "",
  "country": "israel",
  "city": "netanya",
  "street": "hazayt",
  "houseNumber": "7",
  "zipCode": 12321123,
  "biz": true,
  "isAdmin": true,
  "createdAt": {
    "$date": "2023-05-31T11:26:21.014Z"
  },
  "__v": 0
},{
  "_id": {
    "$oid": "647ddc9bf94c98d5185104d6"
  },
  "firstName": "matan",
  "middleName": "",
  "lastName": "biz",
  "phone": "1232131223",
  "email": "matan@gmail.com",
  "password": "$2a$10$SU4J86qmZ62rFWQJuM5DxO2X3Lcw6TJaSvohbPlA7d0GVdJqNINUS",
  "imageUrl": "https://cdn.pixabay.com/photo/2015/10/05/22/37/blank-profile-picture-973460_960_720.png",
  "imageAlt": "https://cdn.pixabay.com/photo/2015/10/05/22/37/blank-profile-picture-973460_960_720.png",
  "state": "",
  "country": "israel",
  "city": "netanya",
  "street": "hadekel",
  "houseNumber": "11",
  "zipCode": 1,
  "biz": true,
  "isAdmin": false,
  "createdAt": {
    "$date": "2023-06-05T13:01:15.883Z"
  },
  "__v": 0
},{
  "_id": {
    "$oid": "647de0f5cd7b2e21007c66f0"
  },
  "firstName": "adir",
  "middleName": "",
  "lastName": "dahan",
  "phone": "1232132131",
  "email": "adir@gmail.com",
  "password": "$2a$10$vqbB2psyJhaRgJCekKspeOmSbXfK8mE19L4BJKZTNdTgzuXDFdP5.",
  "imageUrl": "https://cdn.pixabay.com/photo/2015/10/05/22/37/blank-profile-picture-973460_960_720.png",
  "imageAlt": "https://cdn.pixabay.com/photo/2015/10/05/22/37/blank-profile-picture-973460_960_720.png",
  "state": "",
  "country": "israel",
  "city": "netanya",
  "street": "amnon vetamar",
  "houseNumber": "4",
  "zipCode": 12323432,
  "biz": false,
  "isAdmin": false,
  "createdAt": {
    "$date": "2023-06-05T13:19:49.342Z"
  },
  "__v": 0
}]